-- =====================================================
-- MIGRAÇÃO DE MANUTENÇÃO
-- Data: 2025-11-27
-- Autor: Luis Augusto
-- =====================================================

-- *****************************************************************************************
-- ************** É OBRIGATÓRIO INCLUIR O REGISTRO NA TABELA VERSAO_BASE_DADO **************
-- *****************************************************************************************

INSERT INTO VERSAO_BASE_DADO (VRBD_DATA, VRBD_VERSAO_BASE_DADO, VRBD_DESCRICAO) VALUES
(
    datetime('2025-11-27'),
    'V0013',
    'Nova carga de classificação tributária.'
);

-- -----------------------------------------------------------------------------------------------
-- Descrição:
-- 1 - Nova carga de classificação tributária.
-- 2 - Novas classificaões tributárias: 410027, 410028, 410029, 410030, 410031, 820007, 820008
-- 3 - Alterações em TIPO_DFE_CLASSIFICACAO, etc.
-- -----------------------------------------------------------------------------------------------

UPDATE CLASSIFICACAO_TRIBUTARIA SET CLTR_DESCRICAO='Operações, sujeitas a diferimento, com insumos agropecuários e aquícolas (Anexo IX)' WHERE CLTR_ID=98;
INSERT INTO CLASSIFICACAO_TRIBUTARIA(CLTR_ID,CLTR_CD,CLTR_DESCRICAO,CLTR_MEMORIA_CALCULO,CLTR_IN_APROPRIACAO_CREDITOS_ADQUIRENTES_CBS,CLTR_IN_APROPRIACAO_CREDITOS_ADQUIRENTES_IBS,CLTR_IN_CREDITO_PRESUMIDO_FORNECEDOR,CLTR_IN_CREDITO_PRESUMIDO_ADQUIRENTE,CLTR_SITR_ID,CLTR_TMES_ID,CLTR_TIPO_ALIQUOTA,CLTR_CREDITO_OPERACAO_ANTECEDENTE,CLTR_NOMENCLATURA,CLTR_INICIO_VIGENCIA,CLTR_FIM_VIGENCIA,CLTR_IND_GCREDPRESOPER,CLTR_IND_GMONOPADRAO,CLTR_IND_GMONORETEN,CLTR_IND_GMONORET,CLTR_IND_GMONODIF,CLTR_IND_GESTORNOCRED,CLTR_ANEXO) VALUES(169,'410027','Exportação de serviço ou de bem imaterial','Operação de consumo com enquadramento legal em [norma], tributada conforme [tratamento]. A base de cálculo utilizada é de R$ [base_calculo], sendo que esta operação não possui alíquota.',0,0,0,0,9,NULL,'Sem alíquota','Manutenção','NBS','2026-01-01',NULL,'0','0','0','0','0','0',NULL);
INSERT INTO CLASSIFICACAO_TRIBUTARIA(CLTR_ID,CLTR_CD,CLTR_DESCRICAO,CLTR_MEMORIA_CALCULO,CLTR_IN_APROPRIACAO_CREDITOS_ADQUIRENTES_CBS,CLTR_IN_APROPRIACAO_CREDITOS_ADQUIRENTES_IBS,CLTR_IN_CREDITO_PRESUMIDO_FORNECEDOR,CLTR_IN_CREDITO_PRESUMIDO_ADQUIRENTE,CLTR_SITR_ID,CLTR_TMES_ID,CLTR_TIPO_ALIQUOTA,CLTR_CREDITO_OPERACAO_ANTECEDENTE,CLTR_NOMENCLATURA,CLTR_INICIO_VIGENCIA,CLTR_FIM_VIGENCIA,CLTR_IND_GCREDPRESOPER,CLTR_IND_GMONOPADRAO,CLTR_IND_GMONORETEN,CLTR_IND_GMONORET,CLTR_IND_GMONODIF,CLTR_IND_GESTORNOCRED,CLTR_ANEXO) VALUES(170,'410028','Operações com bens imóveis realizadas por pessoas físicas não consideradas contribuintes','Operação de consumo com enquadramento legal em [norma], tributada conforme [tratamento]. A base de cálculo utilizada é de R$ [base_calculo], sendo que esta operação não possui alíquota.',0,0,0,0,9,NULL,'Sem alíquota','Manutenção','NBS','2026-01-01',NULL,'0','0','0','0','0','0',NULL);
INSERT INTO CLASSIFICACAO_TRIBUTARIA(CLTR_ID,CLTR_CD,CLTR_DESCRICAO,CLTR_MEMORIA_CALCULO,CLTR_IN_APROPRIACAO_CREDITOS_ADQUIRENTES_CBS,CLTR_IN_APROPRIACAO_CREDITOS_ADQUIRENTES_IBS,CLTR_IN_CREDITO_PRESUMIDO_FORNECEDOR,CLTR_IN_CREDITO_PRESUMIDO_ADQUIRENTE,CLTR_SITR_ID,CLTR_TMES_ID,CLTR_TIPO_ALIQUOTA,CLTR_CREDITO_OPERACAO_ANTECEDENTE,CLTR_NOMENCLATURA,CLTR_INICIO_VIGENCIA,CLTR_FIM_VIGENCIA,CLTR_IND_GCREDPRESOPER,CLTR_IND_GMONOPADRAO,CLTR_IND_GMONORETEN,CLTR_IND_GMONORET,CLTR_IND_GMONODIF,CLTR_IND_GESTORNOCRED,CLTR_ANEXO) VALUES(171,'410029','Operações acobertadas somente pelo ICMS','Operação de consumo com enquadramento legal em [norma], tributada conforme [tratamento]. A base de cálculo utilizada é de R$ [base_calculo], sendo que esta operação não possui alíquota.',0,0,0,0,9,NULL,'Sem alíquota','Manutenção','NCM','2026-01-01',NULL,'0','0','0','0','0','0',NULL);
INSERT INTO CLASSIFICACAO_TRIBUTARIA(CLTR_ID,CLTR_CD,CLTR_DESCRICAO,CLTR_MEMORIA_CALCULO,CLTR_IN_APROPRIACAO_CREDITOS_ADQUIRENTES_CBS,CLTR_IN_APROPRIACAO_CREDITOS_ADQUIRENTES_IBS,CLTR_IN_CREDITO_PRESUMIDO_FORNECEDOR,CLTR_IN_CREDITO_PRESUMIDO_ADQUIRENTE,CLTR_SITR_ID,CLTR_TMES_ID,CLTR_TIPO_ALIQUOTA,CLTR_CREDITO_OPERACAO_ANTECEDENTE,CLTR_NOMENCLATURA,CLTR_INICIO_VIGENCIA,CLTR_FIM_VIGENCIA,CLTR_IND_GCREDPRESOPER,CLTR_IND_GMONOPADRAO,CLTR_IND_GMONORETEN,CLTR_IND_GMONORET,CLTR_IND_GMONODIF,CLTR_IND_GESTORNOCRED,CLTR_ANEXO) VALUES(172,'410030','Estorno de crédito por perecimento, deteriorização, roubo, furto ou extravio.','Operação de consumo com enquadramento legal em [norma], tributada conforme [tratamento]. A base de cálculo utilizada é de R$ [base_calculo], sendo que esta operação não possui alíquota.',0,0,0,0,9,NULL,'Sem alíquota','Manutenção','NCM','2026-01-01',NULL,'0','0','0','0','0','1',NULL);
INSERT INTO CLASSIFICACAO_TRIBUTARIA(CLTR_ID,CLTR_CD,CLTR_DESCRICAO,CLTR_MEMORIA_CALCULO,CLTR_IN_APROPRIACAO_CREDITOS_ADQUIRENTES_CBS,CLTR_IN_APROPRIACAO_CREDITOS_ADQUIRENTES_IBS,CLTR_IN_CREDITO_PRESUMIDO_FORNECEDOR,CLTR_IN_CREDITO_PRESUMIDO_ADQUIRENTE,CLTR_SITR_ID,CLTR_TMES_ID,CLTR_TIPO_ALIQUOTA,CLTR_CREDITO_OPERACAO_ANTECEDENTE,CLTR_NOMENCLATURA,CLTR_INICIO_VIGENCIA,CLTR_FIM_VIGENCIA,CLTR_IND_GCREDPRESOPER,CLTR_IND_GMONOPADRAO,CLTR_IND_GMONORETEN,CLTR_IND_GMONORET,CLTR_IND_GMONODIF,CLTR_IND_GESTORNOCRED,CLTR_ANEXO) VALUES(173,'410031','Fornecimento em período anterior ao início de vigência de incidências de CBS e IBS','Operação de consumo com enquadramento legal em [norma], tributada conforme [tratamento]. A base de cálculo utilizada é de R$ [base_calculo], sendo que esta operação não possui alíquota.',0,0,0,0,9,NULL,'Sem alíquota','Manutenção','NCM','2026-01-01',NULL,'0','0','0','0','0','0',NULL);
INSERT INTO CLASSIFICACAO_TRIBUTARIA(CLTR_ID,CLTR_CD,CLTR_DESCRICAO,CLTR_MEMORIA_CALCULO,CLTR_IN_APROPRIACAO_CREDITOS_ADQUIRENTES_CBS,CLTR_IN_APROPRIACAO_CREDITOS_ADQUIRENTES_IBS,CLTR_IN_CREDITO_PRESUMIDO_FORNECEDOR,CLTR_IN_CREDITO_PRESUMIDO_ADQUIRENTE,CLTR_SITR_ID,CLTR_TMES_ID,CLTR_TIPO_ALIQUOTA,CLTR_CREDITO_OPERACAO_ANTECEDENTE,CLTR_NOMENCLATURA,CLTR_INICIO_VIGENCIA,CLTR_FIM_VIGENCIA,CLTR_IND_GCREDPRESOPER,CLTR_IND_GMONOPADRAO,CLTR_IND_GMONORETEN,CLTR_IND_GMONORET,CLTR_IND_GMONODIF,CLTR_IND_GESTORNOCRED,CLTR_ANEXO) VALUES(174,'820007','Documento com informações de fornecimento de serviços financeiros','Operação de consumo com enquadramento legal em [norma], tributada conforme [tratamento]. A base de cálculo utilizada é de R$ [base_calculo], sendo que esta operação não possui alíquota.',0,0,0,0,17,NULL,'Sem alíquota','Manutenção','NBS','2026-01-01',NULL,'0','0','0','0','0','0',NULL);
INSERT INTO CLASSIFICACAO_TRIBUTARIA(CLTR_ID,CLTR_CD,CLTR_DESCRICAO,CLTR_MEMORIA_CALCULO,CLTR_IN_APROPRIACAO_CREDITOS_ADQUIRENTES_CBS,CLTR_IN_APROPRIACAO_CREDITOS_ADQUIRENTES_IBS,CLTR_IN_CREDITO_PRESUMIDO_FORNECEDOR,CLTR_IN_CREDITO_PRESUMIDO_ADQUIRENTE,CLTR_SITR_ID,CLTR_TMES_ID,CLTR_TIPO_ALIQUOTA,CLTR_CREDITO_OPERACAO_ANTECEDENTE,CLTR_NOMENCLATURA,CLTR_INICIO_VIGENCIA,CLTR_FIM_VIGENCIA,CLTR_IND_GCREDPRESOPER,CLTR_IND_GMONOPADRAO,CLTR_IND_GMONORETEN,CLTR_IND_GMONORET,CLTR_IND_GMONODIF,CLTR_IND_GESTORNOCRED,CLTR_ANEXO) VALUES(175,'820008','Documento com informações de fornecimento, mas com tributação realizada em fatura anterior','Operação de consumo com enquadramento legal em [norma], tributada conforme [tratamento]. A base de cálculo utilizada é de R$ [base_calculo], sendo que esta operação não possui alíquota.',0,0,0,0,17,NULL,'Sem alíquota','Manutenção','NBS ou NCM','2026-01-01',NULL,'0','0','0','0','0','0',NULL);
INSERT INTO FUNDAMENTACAO_CLASSIFICACAO(FDCL_ID,FDCL_CLTR_ID,FDCL_FDLG_ID,FDCL_INICIO_VIGENCIA,FDCL_FIM_VIGENCIA) VALUES(169,169,169,'2026-01-01',NULL);
INSERT INTO FUNDAMENTACAO_CLASSIFICACAO(FDCL_ID,FDCL_CLTR_ID,FDCL_FDLG_ID,FDCL_INICIO_VIGENCIA,FDCL_FIM_VIGENCIA) VALUES(170,170,170,'2026-01-01',NULL);
INSERT INTO FUNDAMENTACAO_CLASSIFICACAO(FDCL_ID,FDCL_CLTR_ID,FDCL_FDLG_ID,FDCL_INICIO_VIGENCIA,FDCL_FIM_VIGENCIA) VALUES(171,171,171,'2026-01-01',NULL);
INSERT INTO FUNDAMENTACAO_CLASSIFICACAO(FDCL_ID,FDCL_CLTR_ID,FDCL_FDLG_ID,FDCL_INICIO_VIGENCIA,FDCL_FIM_VIGENCIA) VALUES(172,172,172,'2026-01-01',NULL);
INSERT INTO FUNDAMENTACAO_CLASSIFICACAO(FDCL_ID,FDCL_CLTR_ID,FDCL_FDLG_ID,FDCL_INICIO_VIGENCIA,FDCL_FIM_VIGENCIA) VALUES(173,173,173,'2026-01-01',NULL);
INSERT INTO FUNDAMENTACAO_CLASSIFICACAO(FDCL_ID,FDCL_CLTR_ID,FDCL_FDLG_ID,FDCL_INICIO_VIGENCIA,FDCL_FIM_VIGENCIA) VALUES(174,174,174,'2026-01-01',NULL);
INSERT INTO FUNDAMENTACAO_CLASSIFICACAO(FDCL_ID,FDCL_CLTR_ID,FDCL_FDLG_ID,FDCL_INICIO_VIGENCIA,FDCL_FIM_VIGENCIA) VALUES(175,175,175,'2026-01-01',NULL);
UPDATE FUNDAMENTACAO_LEGAL SET FDLG_TEXTO='Art. 138. Ficam reduzidas em 60% (sessenta por cento) as alíquotas do IBS e da CBS incidentes sobre o fornecimento dos insumos agropecuários e aquícolas relacionados no Anexo IX desta Lei Complementar, com a especificação das respectivas classificações da NCM/SH e da NBS. '||X'0a'
||' § 2º Fica diferido o recolhimento do IBS e da CBS incidentes nas seguintes operações com insumos agropecuários e aquícolas de que trata o caput:'||X'0a' WHERE FDLG_ID=98;
INSERT INTO FUNDAMENTACAO_LEGAL(FDLG_ID,FDLG_TEXTO,FDLG_TEXTO_CURTO,FDLG_REFERENCIA_NORMATIVA,FDLG_INICIO_VIGENCIA,FDLG_FIM_VIGENCIA) VALUES(169,'Art. 80. Para fins do disposto no art. 79 desta Lei Complementar, considera-se exportação de serviço ou de bem imaterial, inclusive direitos, o fornecimento para residente ou domiciliado no exterior e consumo no exterior.'||X'0a'
||' II - a prestação dos seguintes serviços, desde que vinculados direta e exclusivamente à exportação de bens materiais ou associados à entrega no exterior de bens materiais:'||X'0a'
||' a) intermediação na distribuição de mercadorias no exterior (comissão de agente);'||X'0a'
||' b) seguro de cargas;'||X'0a'
||' c) despacho aduaneiro;'||X'0a'
||' d) armazenagem de mercadorias;'||X'0a'
||' e) transporte rodoviário, ferroviário, aéreo, aquaviário ou multimodal de cargas;'||X'0a'
||' f) manuseio de cargas;'||X'0a'
||' g) manuseio de contêineres;'||X'0a'
||' h) unitização ou desunitização de cargas;'||X'0a'
||' i) consolidação ou desconsolidação documental de cargas;'||X'0a'
||' j) agenciamento de transporte de cargas;'||X'0a'
||' k) remessas expressas;'||X'0a'
||' l) pesagem e medição de cargas;'||X'0a'
||' m) refrigeração de cargas;'||X'0a'
||' n) arrendamento mercantil operacional ou locação de contêineres;'||X'0a'
||' o) instalação e montagem de mercadorias exportadas; e'||X'0a'
||' p) treinamento para uso de mercadorias exportadas.','Art. 80 II','LIVRO I\n\nDO IMPOSTO SOBRE BENS E SERVIÇOS (IBS) E DA CONTRIBUIÇÃO SOCIAL SOBRE BENS E SERVIÇOS (CBS)\n\nTÍTULO IV\n\nDOS REGIMES DIFERENCIADOS DO IBS E DA CBS\n\nCAPÍTULO V\n\nDO TRANSPORTE PÚBLICO COLETIVO DE PASSAGEIROS RODOVIÁRIO E METROVIÁRIO DE CARÁTER URBANO, SEMIURBANO E METROPOLITANO','2026-01-01',NULL);
INSERT INTO FUNDAMENTACAO_LEGAL(FDLG_ID,FDLG_TEXTO,FDLG_TEXTO_CURTO,FDLG_REFERENCIA_NORMATIVA,FDLG_INICIO_VIGENCIA,FDLG_FIM_VIGENCIA) VALUES(170,'Art. 251. As operações com bens imóveis realizadas por contribuintes que apurarem o IBS e a CBS no regime regular ficam sujeitas ao regime específico previsto neste Capítulo.'||X'0a'
||' § 1º As pessoas físicas que realizarem operações com bens imóveis serão consideradas contribuintes do regime regular do IBS e da CBS e sujeitas ao regime de que trata este Capítulo, nos casos de:','Art. 251, § 1º','LIVRO I\n\nDO IMPOSTO SOBRE BENS E SERVIÇOS (IBS) E DA CONTRIBUIÇÃO SOCIAL SOBRE BENS E SERVIÇOS (CBS)\n\nTÍTULO IV\n\nDOS REGIMES DIFERENCIADOS DO IBS E DA CBS\n\nCAPÍTULO V\n\nDO TRANSPORTE PÚBLICO COLETIVO DE PASSAGEIROS RODOVIÁRIO E METROVIÁRIO DE CARÁTER URBANO, SEMIURBANO E METROPOLITANO','2026-01-01',NULL);
INSERT INTO FUNDAMENTACAO_LEGAL(FDLG_ID,FDLG_TEXTO,FDLG_TEXTO_CURTO,FDLG_REFERENCIA_NORMATIVA,FDLG_INICIO_VIGENCIA,FDLG_FIM_VIGENCIA) VALUES(171,'Art. 4º O IBS e a CBS incidem sobre operações onerosas com bens ou com serviços.'||X'0a'
||' § 2º Para fins do disposto neste artigo, considera-se operação onerosa com bens ou com serviços qualquer fornecimento com contraprestação, incluindo o decorrente de:'||X'0a'
||' I - compra e venda, troca ou permuta, dação em pagamento e demais espécies de alienação;'||X'0a'
||' II - locação;'||X'0a'
||' III - licenciamento, concessão, cessão;'||X'0a'
||' IV - mútuo oneroso;'||X'0a'
||' V - doação com contraprestação em benefício do doador;'||X'0a'
||' VI - instituição onerosa de direitos reais;'||X'0a'
||' VII - arrendamento, inclusive mercantil; e'||X'0a'
||' VIII - prestação de serviços.','Art. 4º','LIVRO I\n\nDO IMPOSTO SOBRE BENS E SERVIÇOS (IBS) E DA CONTRIBUIÇÃO SOCIAL SOBRE BENS E SERVIÇOS (CBS)\n\nTÍTULO IV\n\nDOS REGIMES DIFERENCIADOS DO IBS E DA CBS\n\nCAPÍTULO V\n\nDO TRANSPORTE PÚBLICO COLETIVO DE PASSAGEIROS RODOVIÁRIO E METROVIÁRIO DE CARÁTER URBANO, SEMIURBANO E METROPOLITANO','2026-01-01',NULL);
INSERT INTO FUNDAMENTACAO_LEGAL(FDLG_ID,FDLG_TEXTO,FDLG_TEXTO_CURTO,FDLG_REFERENCIA_NORMATIVA,FDLG_INICIO_VIGENCIA,FDLG_FIM_VIGENCIA) VALUES(172,'Art. 47. O contribuinte sujeito ao regime regular poderá apropriar créditos do IBS e da CBS quando ocorrer a extinção por qualquer das modalidades previstas no art. 27 dos débitos relativos às operações em que seja adquirente, excetuadas exclusivamente aquelas consideradas de uso ou consumo pessoal, nos termos do art. 57 desta Lei Complementar, e as demais hipóteses previstas nesta Lei Complementar.'||X'0a'
||'§ 6º O adquirente deverá estornar o crédito apropriado caso o bem adquirido venha a perecer, deteriorar-se ou ser objeto de roubo, furto ou extravio.','Art. 47, § 6º','LIVRO I\n\nDO IMPOSTO SOBRE BENS E SERVIÇOS (IBS) E DA CONTRIBUIÇÃO SOCIAL SOBRE BENS E SERVIÇOS (CBS)\n\nTÍTULO IV\n\nDOS REGIMES DIFERENCIADOS DO IBS E DA CBS\n\nCAPÍTULO V\n\nDO TRANSPORTE PÚBLICO COLETIVO DE PASSAGEIROS RODOVIÁRIO E METROVIÁRIO DE CARÁTER URBANO, SEMIURBANO E METROPOLITANO','2026-01-01',NULL);
INSERT INTO FUNDAMENTACAO_LEGAL(FDLG_ID,FDLG_TEXTO,FDLG_TEXTO_CURTO,FDLG_REFERENCIA_NORMATIVA,FDLG_INICIO_VIGENCIA,FDLG_FIM_VIGENCIA) VALUES(173,'Art. 544. Esta Lei Complementar entra em vigor na data de sua publicação, produzindo efeitos:'||X'0a'
||'VI - a partir de 1º de janeiro de 2026, em relação aos demais dispositivos.','Art. 544, VI','LIVRO I\n\nDO IMPOSTO SOBRE BENS E SERVIÇOS (IBS) E DA CONTRIBUIÇÃO SOCIAL SOBRE BENS E SERVIÇOS (CBS)\n\nTÍTULO IV\n\nDOS REGIMES DIFERENCIADOS DO IBS E DA CBS\n\nCAPÍTULO V\n\nDO TRANSPORTE PÚBLICO COLETIVO DE PASSAGEIROS RODOVIÁRIO E METROVIÁRIO DE CARÁTER URBANO, SEMIURBANO E METROPOLITANO','2026-01-01',NULL);
INSERT INTO FUNDAMENTACAO_LEGAL(FDLG_ID,FDLG_TEXTO,FDLG_TEXTO_CURTO,FDLG_REFERENCIA_NORMATIVA,FDLG_INICIO_VIGENCIA,FDLG_FIM_VIGENCIA) VALUES(174,'Art. 181. Os serviços financeiros ficam sujeitos a regime específico de incidência do IBS e da CBS, de acordo com o disposto neste Capítulo.','Art. 181','LIVRO I \n\nDO IMPOSTO SOBRE BENS E SERVIÇOS (IBS) E DA CONTRIBUIÇÃO SOCIAL SOBRE BENS E SERVIÇOS (CBS) \n\nTÍTULO V\n\nDOS REGIMES ESPECÍFICOS DO IBS E DA CBS\n\nCAPÍTULO III\n\nDOS PLANOS DE ASSISTÊNCIA À SAÚDE','2026-01-01',NULL);
INSERT INTO FUNDAMENTACAO_LEGAL(FDLG_ID,FDLG_TEXTO,FDLG_TEXTO_CURTO,FDLG_REFERENCIA_NORMATIVA,FDLG_INICIO_VIGENCIA,FDLG_FIM_VIGENCIA) VALUES(175,' Art. 10. Considera-se ocorrido o fato gerador do IBS e da CBS no momento do fornecimento nas operações com bens ou com serviços, ainda que de execução continuada ou fracionada.'||X'0a0a'
||'§ 3º Nas operações de execução continuada ou fracionada em que não seja possível identificar o momento de entrega ou disponibilização do bem ou do término do fornecimento do serviço, como as relativas a abastecimento de água, saneamento básico, gás canalizado, serviços de telecomunicação, serviços de internet e energia elétrica, considera-se ocorrido o fato gerador no momento em que se torna devido o pagamento.','Art. 10, § 3º','LIVRO I \n\nDO IMPOSTO SOBRE BENS E SERVIÇOS (IBS) E DA CONTRIBUIÇÃO SOCIAL SOBRE BENS E SERVIÇOS (CBS) \n\nTÍTULO V\n\nDOS REGIMES ESPECÍFICOS DO IBS E DA CBS\n\nCAPÍTULO III\n\nDOS PLANOS DE ASSISTÊNCIA À SAÚDE','2026-01-01',NULL);
INSERT INTO PERCENTUAL_REDUCAO(PERE_ID,PERE_CLTR_ID,PERE_TBTO_ID,PERE_VALOR,PERE_INICIO_VIGENCIA,PERE_FIM_VIGENCIA) VALUES(415,169,2,100.0,'2026-01-01',NULL);
INSERT INTO PERCENTUAL_REDUCAO(PERE_ID,PERE_CLTR_ID,PERE_TBTO_ID,PERE_VALOR,PERE_INICIO_VIGENCIA,PERE_FIM_VIGENCIA) VALUES(416,169,3,100.0,'2026-01-01',NULL);
INSERT INTO PERCENTUAL_REDUCAO(PERE_ID,PERE_CLTR_ID,PERE_TBTO_ID,PERE_VALOR,PERE_INICIO_VIGENCIA,PERE_FIM_VIGENCIA) VALUES(417,169,4,100.0,'2026-01-01',NULL);
INSERT INTO PERCENTUAL_REDUCAO(PERE_ID,PERE_CLTR_ID,PERE_TBTO_ID,PERE_VALOR,PERE_INICIO_VIGENCIA,PERE_FIM_VIGENCIA) VALUES(418,170,2,100.0,'2026-01-01',NULL);
INSERT INTO PERCENTUAL_REDUCAO(PERE_ID,PERE_CLTR_ID,PERE_TBTO_ID,PERE_VALOR,PERE_INICIO_VIGENCIA,PERE_FIM_VIGENCIA) VALUES(419,170,3,100.0,'2026-01-01',NULL);
INSERT INTO PERCENTUAL_REDUCAO(PERE_ID,PERE_CLTR_ID,PERE_TBTO_ID,PERE_VALOR,PERE_INICIO_VIGENCIA,PERE_FIM_VIGENCIA) VALUES(420,170,4,100.0,'2026-01-01',NULL);
INSERT INTO PERCENTUAL_REDUCAO(PERE_ID,PERE_CLTR_ID,PERE_TBTO_ID,PERE_VALOR,PERE_INICIO_VIGENCIA,PERE_FIM_VIGENCIA) VALUES(421,171,2,100.0,'2026-01-01',NULL);
INSERT INTO PERCENTUAL_REDUCAO(PERE_ID,PERE_CLTR_ID,PERE_TBTO_ID,PERE_VALOR,PERE_INICIO_VIGENCIA,PERE_FIM_VIGENCIA) VALUES(422,171,3,100.0,'2026-01-01',NULL);
INSERT INTO PERCENTUAL_REDUCAO(PERE_ID,PERE_CLTR_ID,PERE_TBTO_ID,PERE_VALOR,PERE_INICIO_VIGENCIA,PERE_FIM_VIGENCIA) VALUES(423,171,4,100.0,'2026-01-01',NULL);
INSERT INTO PERCENTUAL_REDUCAO(PERE_ID,PERE_CLTR_ID,PERE_TBTO_ID,PERE_VALOR,PERE_INICIO_VIGENCIA,PERE_FIM_VIGENCIA) VALUES(424,172,2,100.0,'2026-01-01',NULL);
INSERT INTO PERCENTUAL_REDUCAO(PERE_ID,PERE_CLTR_ID,PERE_TBTO_ID,PERE_VALOR,PERE_INICIO_VIGENCIA,PERE_FIM_VIGENCIA) VALUES(425,172,3,100.0,'2026-01-01',NULL);
INSERT INTO PERCENTUAL_REDUCAO(PERE_ID,PERE_CLTR_ID,PERE_TBTO_ID,PERE_VALOR,PERE_INICIO_VIGENCIA,PERE_FIM_VIGENCIA) VALUES(426,172,4,100.0,'2026-01-01',NULL);
INSERT INTO PERCENTUAL_REDUCAO(PERE_ID,PERE_CLTR_ID,PERE_TBTO_ID,PERE_VALOR,PERE_INICIO_VIGENCIA,PERE_FIM_VIGENCIA) VALUES(427,173,2,100.0,'2026-01-01',NULL);
INSERT INTO PERCENTUAL_REDUCAO(PERE_ID,PERE_CLTR_ID,PERE_TBTO_ID,PERE_VALOR,PERE_INICIO_VIGENCIA,PERE_FIM_VIGENCIA) VALUES(428,173,3,100.0,'2026-01-01',NULL);
INSERT INTO PERCENTUAL_REDUCAO(PERE_ID,PERE_CLTR_ID,PERE_TBTO_ID,PERE_VALOR,PERE_INICIO_VIGENCIA,PERE_FIM_VIGENCIA) VALUES(429,173,4,100.0,'2026-01-01',NULL);
INSERT INTO PERCENTUAL_REDUCAO(PERE_ID,PERE_CLTR_ID,PERE_TBTO_ID,PERE_VALOR,PERE_INICIO_VIGENCIA,PERE_FIM_VIGENCIA) VALUES(430,174,2,0.0,'2026-01-01',NULL);
INSERT INTO PERCENTUAL_REDUCAO(PERE_ID,PERE_CLTR_ID,PERE_TBTO_ID,PERE_VALOR,PERE_INICIO_VIGENCIA,PERE_FIM_VIGENCIA) VALUES(431,174,3,0.0,'2026-01-01',NULL);
INSERT INTO PERCENTUAL_REDUCAO(PERE_ID,PERE_CLTR_ID,PERE_TBTO_ID,PERE_VALOR,PERE_INICIO_VIGENCIA,PERE_FIM_VIGENCIA) VALUES(432,174,4,0.0,'2026-01-01',NULL);
INSERT INTO PERCENTUAL_REDUCAO(PERE_ID,PERE_CLTR_ID,PERE_TBTO_ID,PERE_VALOR,PERE_INICIO_VIGENCIA,PERE_FIM_VIGENCIA) VALUES(433,175,2,0.0,'2026-01-01',NULL);
INSERT INTO PERCENTUAL_REDUCAO(PERE_ID,PERE_CLTR_ID,PERE_TBTO_ID,PERE_VALOR,PERE_INICIO_VIGENCIA,PERE_FIM_VIGENCIA) VALUES(434,175,3,0.0,'2026-01-01',NULL);
INSERT INTO PERCENTUAL_REDUCAO(PERE_ID,PERE_CLTR_ID,PERE_TBTO_ID,PERE_VALOR,PERE_INICIO_VIGENCIA,PERE_FIM_VIGENCIA) VALUES(435,175,4,0.0,'2026-01-01',NULL);
UPDATE SITUACAO_TRIBUTARIA SET SITR_IND_GIBSCBS='1' WHERE SITR_ID=2;
UPDATE SITUACAO_TRIBUTARIA SET SITR_IND_GIBSCBS='1', SITR_IND_GRED='1' WHERE SITR_ID=3;
UPDATE SITUACAO_TRIBUTARIA SET SITR_IND_GIBSCBS='1' WHERE SITR_ID=6;
DELETE FROM TIPO_DFE_CLASSIFICACAO WHERE TDCL_ID=261;
DELETE FROM TIPO_DFE_CLASSIFICACAO WHERE TDCL_ID=272;
INSERT INTO TIPO_DFE_CLASSIFICACAO(TDCL_ID,TDCL_CLTR_ID,TDCL_TPDF_ID,TDCL_INICIO_VIGENCIA,TDCL_FIM_VIGENCIA) VALUES(294,1,15,'2026-01-01',NULL);
INSERT INTO TIPO_DFE_CLASSIFICACAO(TDCL_ID,TDCL_CLTR_ID,TDCL_TPDF_ID,TDCL_INICIO_VIGENCIA,TDCL_FIM_VIGENCIA) VALUES(295,2,15,'2026-01-01',NULL);
INSERT INTO TIPO_DFE_CLASSIFICACAO(TDCL_ID,TDCL_CLTR_ID,TDCL_TPDF_ID,TDCL_INICIO_VIGENCIA,TDCL_FIM_VIGENCIA) VALUES(296,6,10,'2026-01-01',NULL);
INSERT INTO TIPO_DFE_CLASSIFICACAO(TDCL_ID,TDCL_CLTR_ID,TDCL_TPDF_ID,TDCL_INICIO_VIGENCIA,TDCL_FIM_VIGENCIA) VALUES(297,68,5,'2026-01-01',NULL);
INSERT INTO TIPO_DFE_CLASSIFICACAO(TDCL_ID,TDCL_CLTR_ID,TDCL_TPDF_ID,TDCL_INICIO_VIGENCIA,TDCL_FIM_VIGENCIA) VALUES(298,169,4,'2026-01-01',NULL);
INSERT INTO TIPO_DFE_CLASSIFICACAO(TDCL_ID,TDCL_CLTR_ID,TDCL_TPDF_ID,TDCL_INICIO_VIGENCIA,TDCL_FIM_VIGENCIA) VALUES(299,169,5,'2026-01-01',NULL);
INSERT INTO TIPO_DFE_CLASSIFICACAO(TDCL_ID,TDCL_CLTR_ID,TDCL_TPDF_ID,TDCL_INICIO_VIGENCIA,TDCL_FIM_VIGENCIA) VALUES(300,169,10,'2026-01-01',NULL);
INSERT INTO TIPO_DFE_CLASSIFICACAO(TDCL_ID,TDCL_CLTR_ID,TDCL_TPDF_ID,TDCL_INICIO_VIGENCIA,TDCL_FIM_VIGENCIA) VALUES(301,170,1,'2026-01-01',NULL);
INSERT INTO TIPO_DFE_CLASSIFICACAO(TDCL_ID,TDCL_CLTR_ID,TDCL_TPDF_ID,TDCL_INICIO_VIGENCIA,TDCL_FIM_VIGENCIA) VALUES(302,170,10,'2026-01-01',NULL);
INSERT INTO TIPO_DFE_CLASSIFICACAO(TDCL_ID,TDCL_CLTR_ID,TDCL_TPDF_ID,TDCL_INICIO_VIGENCIA,TDCL_FIM_VIGENCIA) VALUES(303,171,2,'2026-01-01',NULL);
INSERT INTO TIPO_DFE_CLASSIFICACAO(TDCL_ID,TDCL_CLTR_ID,TDCL_TPDF_ID,TDCL_INICIO_VIGENCIA,TDCL_FIM_VIGENCIA) VALUES(304,171,3,'2026-01-01',NULL);
INSERT INTO TIPO_DFE_CLASSIFICACAO(TDCL_ID,TDCL_CLTR_ID,TDCL_TPDF_ID,TDCL_INICIO_VIGENCIA,TDCL_FIM_VIGENCIA) VALUES(305,172,2,'2026-01-01',NULL);
INSERT INTO TIPO_DFE_CLASSIFICACAO(TDCL_ID,TDCL_CLTR_ID,TDCL_TPDF_ID,TDCL_INICIO_VIGENCIA,TDCL_FIM_VIGENCIA) VALUES(306,173,9,'2026-01-01',NULL);
INSERT INTO TIPO_DFE_CLASSIFICACAO(TDCL_ID,TDCL_CLTR_ID,TDCL_TPDF_ID,TDCL_INICIO_VIGENCIA,TDCL_FIM_VIGENCIA) VALUES(307,173,12,'2026-01-01',NULL);
INSERT INTO TIPO_DFE_CLASSIFICACAO(TDCL_ID,TDCL_CLTR_ID,TDCL_TPDF_ID,TDCL_INICIO_VIGENCIA,TDCL_FIM_VIGENCIA) VALUES(308,173,14,'2026-01-01',NULL);
INSERT INTO TIPO_DFE_CLASSIFICACAO(TDCL_ID,TDCL_CLTR_ID,TDCL_TPDF_ID,TDCL_INICIO_VIGENCIA,TDCL_FIM_VIGENCIA) VALUES(309,173,15,'2026-01-01',NULL);
INSERT INTO TIPO_DFE_CLASSIFICACAO(TDCL_ID,TDCL_CLTR_ID,TDCL_TPDF_ID,TDCL_INICIO_VIGENCIA,TDCL_FIM_VIGENCIA) VALUES(310,174,10,'2026-01-01',NULL);
INSERT INTO TIPO_DFE_CLASSIFICACAO(TDCL_ID,TDCL_CLTR_ID,TDCL_TPDF_ID,TDCL_INICIO_VIGENCIA,TDCL_FIM_VIGENCIA) VALUES(311,175,9,'2026-01-01',NULL);
INSERT INTO TIPO_DFE_CLASSIFICACAO(TDCL_ID,TDCL_CLTR_ID,TDCL_TPDF_ID,TDCL_INICIO_VIGENCIA,TDCL_FIM_VIGENCIA) VALUES(312,175,12,'2026-01-01',NULL);
INSERT INTO TIPO_DFE_CLASSIFICACAO(TDCL_ID,TDCL_CLTR_ID,TDCL_TPDF_ID,TDCL_INICIO_VIGENCIA,TDCL_FIM_VIGENCIA) VALUES(313,175,14,'2026-01-01',NULL);
INSERT INTO TIPO_DFE_CLASSIFICACAO(TDCL_ID,TDCL_CLTR_ID,TDCL_TPDF_ID,TDCL_INICIO_VIGENCIA,TDCL_FIM_VIGENCIA) VALUES(314,175,15,'2026-01-01',NULL);
UPDATE TRATAMENTO_CLASSIFICACAO SET TRCL_TRTR_ID=38 WHERE TRCL_ID=33;
UPDATE TRATAMENTO_CLASSIFICACAO SET TRCL_TRTR_ID=39 WHERE TRCL_ID=35;
INSERT INTO TRATAMENTO_CLASSIFICACAO(TRCL_ID,TRCL_CLTR_ID,TRCL_TRTR_ID,TRCL_INICIO_VIGENCIA,TRCL_FIM_VIGENCIA) VALUES(169,169,19,'2026-01-01',NULL);
INSERT INTO TRATAMENTO_CLASSIFICACAO(TRCL_ID,TRCL_CLTR_ID,TRCL_TRTR_ID,TRCL_INICIO_VIGENCIA,TRCL_FIM_VIGENCIA) VALUES(170,170,19,'2026-01-01',NULL);
INSERT INTO TRATAMENTO_CLASSIFICACAO(TRCL_ID,TRCL_CLTR_ID,TRCL_TRTR_ID,TRCL_INICIO_VIGENCIA,TRCL_FIM_VIGENCIA) VALUES(171,171,19,'2026-01-01',NULL);
INSERT INTO TRATAMENTO_CLASSIFICACAO(TRCL_ID,TRCL_CLTR_ID,TRCL_TRTR_ID,TRCL_INICIO_VIGENCIA,TRCL_FIM_VIGENCIA) VALUES(172,172,19,'2026-01-01',NULL);
INSERT INTO TRATAMENTO_CLASSIFICACAO(TRCL_ID,TRCL_CLTR_ID,TRCL_TRTR_ID,TRCL_INICIO_VIGENCIA,TRCL_FIM_VIGENCIA) VALUES(173,173,19,'2026-01-01',NULL);
INSERT INTO TRATAMENTO_CLASSIFICACAO(TRCL_ID,TRCL_CLTR_ID,TRCL_TRTR_ID,TRCL_INICIO_VIGENCIA,TRCL_FIM_VIGENCIA) VALUES(174,174,32,'2026-01-01',NULL);
INSERT INTO TRATAMENTO_CLASSIFICACAO(TRCL_ID,TRCL_CLTR_ID,TRCL_TRTR_ID,TRCL_INICIO_VIGENCIA,TRCL_FIM_VIGENCIA) VALUES(175,175,32,'2026-01-01',NULL);
