

-- =====================================================
-- MIGRAÇÃO DE MANUTENÇÃO
-- Data: 2026-01-30
-- Autor: Equipe
-- =====================================================

-- *****************************************************************************************
-- ************** É OBRIGATÓRIO INCLUIR O REGISTRO NA TABELA VERSAO_BASE_DADO **************
-- *****************************************************************************************

INSERT INTO VERSAO_BASE_DADO (VRBD_DATA, VRBD_VERSAO_BASE_DADO, VRBD_DESCRICAO) VALUES
(
    datetime('2026-01-30'),
    'V0027',
    'Nova tabela de Classificações Tributárias - Parte 1: Inclusão de novas.'
);


-------------------------------------------------------------------------------------------------
-- Descrição:
-- Inclui novas classificações tributárias na tabela CLASSIFICACAO_TRIBUTARIA e popula as tabelas relacionadas.
-----------------------------------------------------------------------------------------------

UPDATE CLASSIFICACAO_TRIBUTARIA SET CLTR_IN_APROPRIACAO_CREDITOS_ADQUIRENTES_CBS=0, CLTR_IN_APROPRIACAO_CREDITOS_ADQUIRENTES_IBS=0, CLTR_IN_CREDITO_PRESUMIDO_FORNECEDOR=0, CLTR_IN_CREDITO_PRESUMIDO_ADQUIRENTE=0 WHERE CLTR_ID=69;
INSERT INTO CLASSIFICACAO_TRIBUTARIA(CLTR_ID,CLTR_CD,CLTR_DESCRICAO,CLTR_MEMORIA_CALCULO,CLTR_IN_APROPRIACAO_CREDITOS_ADQUIRENTES_CBS,CLTR_IN_APROPRIACAO_CREDITOS_ADQUIRENTES_IBS,CLTR_IN_CREDITO_PRESUMIDO_FORNECEDOR,CLTR_IN_CREDITO_PRESUMIDO_ADQUIRENTE,CLTR_SITR_ID,CLTR_TMES_ID,CLTR_TIPO_ALIQUOTA,CLTR_CREDITO_OPERACAO_ANTECEDENTE,CLTR_NOMENCLATURA,CLTR_INICIO_VIGENCIA,CLTR_FIM_VIGENCIA,CLTR_IND_GCREDPRESOPER,CLTR_IND_GMONOPADRAO,CLTR_IND_GMONORETEN,CLTR_IND_GMONORET,CLTR_IND_GMONODIF,CLTR_IND_GESTORNOCRED,CLTR_ANEXO,CLTR_DATA_ATUALIZACAO) VALUES(176,'200053','Fornecimento de medicamentos registrados na Anvisa, quando  classificados como soros ou vacinas','Operação de consumo com enquadramento legal em [norma], tributada conforme [tratamento]. A base de cálculo utilizada é de R$ [base_calculo], com alíquota de zero.',0,0,0,0,4,NULL,'Padrão','Manutenção','NCM','2026-01-01',NULL,0,0,0,0,0,0,NULL,'2026-01-23');
INSERT INTO CLASSIFICACAO_TRIBUTARIA(CLTR_ID,CLTR_CD,CLTR_DESCRICAO,CLTR_MEMORIA_CALCULO,CLTR_IN_APROPRIACAO_CREDITOS_ADQUIRENTES_CBS,CLTR_IN_APROPRIACAO_CREDITOS_ADQUIRENTES_IBS,CLTR_IN_CREDITO_PRESUMIDO_FORNECEDOR,CLTR_IN_CREDITO_PRESUMIDO_ADQUIRENTE,CLTR_SITR_ID,CLTR_TMES_ID,CLTR_TIPO_ALIQUOTA,CLTR_CREDITO_OPERACAO_ANTECEDENTE,CLTR_NOMENCLATURA,CLTR_INICIO_VIGENCIA,CLTR_FIM_VIGENCIA,CLTR_IND_GCREDPRESOPER,CLTR_IND_GMONOPADRAO,CLTR_IND_GMONORETEN,CLTR_IND_GMONORET,CLTR_IND_GMONODIF,CLTR_IND_GESTORNOCRED,CLTR_ANEXO,CLTR_DATA_ATUALIZACAO) VALUES(177,'400002','Fornecimento de serviços de transporte público coletivo de passageiros rodoviário e metroviário com medição por quilômetro rodado','Operação de consumo com enquadramento legal em [norma], tributada conforme [tratamento]. A base de cálculo utilizada é de R$ [base_calculo], sendo que esta operação não possui alíquota.',0,0,0,0,8,NULL,'Sem alíquota','Manutenção','NBS ou NCM','2026-01-01',NULL,0,0,0,0,0,0,NULL,'2026-01-23');
INSERT INTO CLASSIFICACAO_TRIBUTARIA(CLTR_ID,CLTR_CD,CLTR_DESCRICAO,CLTR_MEMORIA_CALCULO,CLTR_IN_APROPRIACAO_CREDITOS_ADQUIRENTES_CBS,CLTR_IN_APROPRIACAO_CREDITOS_ADQUIRENTES_IBS,CLTR_IN_CREDITO_PRESUMIDO_FORNECEDOR,CLTR_IN_CREDITO_PRESUMIDO_ADQUIRENTE,CLTR_SITR_ID,CLTR_TMES_ID,CLTR_TIPO_ALIQUOTA,CLTR_CREDITO_OPERACAO_ANTECEDENTE,CLTR_NOMENCLATURA,CLTR_INICIO_VIGENCIA,CLTR_FIM_VIGENCIA,CLTR_IND_GCREDPRESOPER,CLTR_IND_GMONOPADRAO,CLTR_IND_GMONORETEN,CLTR_IND_GMONORET,CLTR_IND_GMONODIF,CLTR_IND_GESTORNOCRED,CLTR_ANEXO,CLTR_DATA_ATUALIZACAO) VALUES(178,'410032','Tributos incidentes na operação que não integram a base de cálculo do IBS e da CBS','Operação de consumo com enquadramento legal em [norma], tributada conforme [tratamento]. A base de cálculo utilizada é de R$ [base_calculo], sendo que esta operação não possui alíquota.',0,0,0,0,9,NULL,'Sem alíquota','Manutenção','NBS ou NCM','2026-01-01',NULL,0,0,0,0,0,0,NULL,'2026-01-23');
INSERT INTO CLASSIFICACAO_TRIBUTARIA(CLTR_ID,CLTR_CD,CLTR_DESCRICAO,CLTR_MEMORIA_CALCULO,CLTR_IN_APROPRIACAO_CREDITOS_ADQUIRENTES_CBS,CLTR_IN_APROPRIACAO_CREDITOS_ADQUIRENTES_IBS,CLTR_IN_CREDITO_PRESUMIDO_FORNECEDOR,CLTR_IN_CREDITO_PRESUMIDO_ADQUIRENTE,CLTR_SITR_ID,CLTR_TMES_ID,CLTR_TIPO_ALIQUOTA,CLTR_CREDITO_OPERACAO_ANTECEDENTE,CLTR_NOMENCLATURA,CLTR_INICIO_VIGENCIA,CLTR_FIM_VIGENCIA,CLTR_IND_GCREDPRESOPER,CLTR_IND_GMONOPADRAO,CLTR_IND_GMONORETEN,CLTR_IND_GMONORET,CLTR_IND_GMONODIF,CLTR_IND_GESTORNOCRED,CLTR_ANEXO,CLTR_DATA_ATUALIZACAO) VALUES(179,'410033','Operações de Fundos de Investimento Imobiliário (FII) e Fundos de Investimento nas Cadeias Produtivas do Agronegócio (Fiagro)','Operação de consumo com enquadramento legal em [norma], tributada conforme [tratamento]. A base de cálculo utilizada é de R$ [base_calculo], sendo que esta operação não possui alíquota.',0,0,0,0,9,NULL,'Sem alíquota','Manutenção','NBS ou NCM','2026-01-01',NULL,0,0,0,0,0,0,NULL,'2026-01-23');
INSERT INTO CLASSIFICACAO_TRIBUTARIA(CLTR_ID,CLTR_CD,CLTR_DESCRICAO,CLTR_MEMORIA_CALCULO,CLTR_IN_APROPRIACAO_CREDITOS_ADQUIRENTES_CBS,CLTR_IN_APROPRIACAO_CREDITOS_ADQUIRENTES_IBS,CLTR_IN_CREDITO_PRESUMIDO_FORNECEDOR,CLTR_IN_CREDITO_PRESUMIDO_ADQUIRENTE,CLTR_SITR_ID,CLTR_TMES_ID,CLTR_TIPO_ALIQUOTA,CLTR_CREDITO_OPERACAO_ANTECEDENTE,CLTR_NOMENCLATURA,CLTR_INICIO_VIGENCIA,CLTR_FIM_VIGENCIA,CLTR_IND_GCREDPRESOPER,CLTR_IND_GMONOPADRAO,CLTR_IND_GMONORETEN,CLTR_IND_GMONORET,CLTR_IND_GMONODIF,CLTR_IND_GESTORNOCRED,CLTR_ANEXO,CLTR_DATA_ATUALIZACAO) VALUES(180,'410034','Operações de fundos de investimento','Operação de consumo com enquadramento legal em [norma], tributada conforme [tratamento]. A base de cálculo utilizada é de R$ [base_calculo], sendo que esta operação não possui alíquota.',0,0,0,0,9,NULL,'Sem alíquota','Manutenção','NBS ou NCM','2026-01-01',NULL,0,0,0,0,0,0,NULL,'2026-01-23');
INSERT INTO CLASSIFICACAO_TRIBUTARIA(CLTR_ID,CLTR_CD,CLTR_DESCRICAO,CLTR_MEMORIA_CALCULO,CLTR_IN_APROPRIACAO_CREDITOS_ADQUIRENTES_CBS,CLTR_IN_APROPRIACAO_CREDITOS_ADQUIRENTES_IBS,CLTR_IN_CREDITO_PRESUMIDO_FORNECEDOR,CLTR_IN_CREDITO_PRESUMIDO_ADQUIRENTE,CLTR_SITR_ID,CLTR_TMES_ID,CLTR_TIPO_ALIQUOTA,CLTR_CREDITO_OPERACAO_ANTECEDENTE,CLTR_NOMENCLATURA,CLTR_INICIO_VIGENCIA,CLTR_FIM_VIGENCIA,CLTR_IND_GCREDPRESOPER,CLTR_IND_GMONOPADRAO,CLTR_IND_GMONORETEN,CLTR_IND_GMONORET,CLTR_IND_GMONODIF,CLTR_IND_GESTORNOCRED,CLTR_ANEXO,CLTR_DATA_ATUALIZACAO) VALUES(181,'410035','Fornecimento realizado por nanoempreendedor','Operação de consumo com enquadramento legal em [norma], tributada conforme [tratamento]. A base de cálculo utilizada é de R$ [base_calculo], sendo que esta operação não possui alíquota.',0,0,0,0,9,NULL,'Sem alíquota','Manutenção','NBS ou NCM','2026-01-01',NULL,0,0,0,0,0,0,NULL,'2026-01-23');
INSERT INTO CLASSIFICACAO_TRIBUTARIA(CLTR_ID,CLTR_CD,CLTR_DESCRICAO,CLTR_MEMORIA_CALCULO,CLTR_IN_APROPRIACAO_CREDITOS_ADQUIRENTES_CBS,CLTR_IN_APROPRIACAO_CREDITOS_ADQUIRENTES_IBS,CLTR_IN_CREDITO_PRESUMIDO_FORNECEDOR,CLTR_IN_CREDITO_PRESUMIDO_ADQUIRENTE,CLTR_SITR_ID,CLTR_TMES_ID,CLTR_TIPO_ALIQUOTA,CLTR_CREDITO_OPERACAO_ANTECEDENTE,CLTR_NOMENCLATURA,CLTR_INICIO_VIGENCIA,CLTR_FIM_VIGENCIA,CLTR_IND_GCREDPRESOPER,CLTR_IND_GMONOPADRAO,CLTR_IND_GMONORETEN,CLTR_IND_GMONORET,CLTR_IND_GMONODIF,CLTR_IND_GESTORNOCRED,CLTR_ANEXO,CLTR_DATA_ATUALIZACAO) VALUES(182,'550022','Regime Especial de Incentivos para a Produção de Hidrogênio de Baixa Emissão de Carbono (Rehidro)','Operação de consumo com enquadramento legal em [norma], tributada conforme [tratamento]. A base de cálculo utilizada é de R$ [base_calculo], sendo que esta operação não possui alíquota.',0,0,0,0,12,NULL,'Sem alíquota','Manutenção','NBS ou NCM','2026-01-01',NULL,0,0,0,0,0,0,NULL,'2026-01-23');
INSERT INTO CLASSIFICACAO_TRIBUTARIA(CLTR_ID,CLTR_CD,CLTR_DESCRICAO,CLTR_MEMORIA_CALCULO,CLTR_IN_APROPRIACAO_CREDITOS_ADQUIRENTES_CBS,CLTR_IN_APROPRIACAO_CREDITOS_ADQUIRENTES_IBS,CLTR_IN_CREDITO_PRESUMIDO_FORNECEDOR,CLTR_IN_CREDITO_PRESUMIDO_ADQUIRENTE,CLTR_SITR_ID,CLTR_TMES_ID,CLTR_TIPO_ALIQUOTA,CLTR_CREDITO_OPERACAO_ANTECEDENTE,CLTR_NOMENCLATURA,CLTR_INICIO_VIGENCIA,CLTR_FIM_VIGENCIA,CLTR_IND_GCREDPRESOPER,CLTR_IND_GMONOPADRAO,CLTR_IND_GMONORETEN,CLTR_IND_GMONORET,CLTR_IND_GMONODIF,CLTR_IND_GESTORNOCRED,CLTR_ANEXO,CLTR_DATA_ATUALIZACAO) VALUES(183,'550023','Operações com hidrocarbonetos líquidos derivados de petróleo não combustíveis ou de gás natural, inclusive nafta','Operação de consumo com enquadramento legal em [norma], tributada conforme [tratamento]. A base de cálculo utilizada é de R$ [base_calculo], sendo que esta operação não possui alíquota.',0,0,0,0,12,NULL,'Sem alíquota','Manutenção','NBS ou NCM','2026-01-01',NULL,0,1,0,0,0,0,NULL,'2026-01-23');
INSERT INTO CLASSIFICACAO_TRIBUTARIA(CLTR_ID,CLTR_CD,CLTR_DESCRICAO,CLTR_MEMORIA_CALCULO,CLTR_IN_APROPRIACAO_CREDITOS_ADQUIRENTES_CBS,CLTR_IN_APROPRIACAO_CREDITOS_ADQUIRENTES_IBS,CLTR_IN_CREDITO_PRESUMIDO_FORNECEDOR,CLTR_IN_CREDITO_PRESUMIDO_ADQUIRENTE,CLTR_SITR_ID,CLTR_TMES_ID,CLTR_TIPO_ALIQUOTA,CLTR_CREDITO_OPERACAO_ANTECEDENTE,CLTR_NOMENCLATURA,CLTR_INICIO_VIGENCIA,CLTR_FIM_VIGENCIA,CLTR_IND_GCREDPRESOPER,CLTR_IND_GMONOPADRAO,CLTR_IND_GMONORETEN,CLTR_IND_GMONORET,CLTR_IND_GMONODIF,CLTR_IND_GESTORNOCRED,CLTR_ANEXO,CLTR_DATA_ATUALIZACAO) VALUES(184,'820009','Cobrança relativa a fornecimentos declarados em outro documento','Operação de consumo com enquadramento legal em [norma], tributada conforme [tratamento]. A base de cálculo utilizada é de R$ [base_calculo], sendo que esta operação não possui alíquota.',0,0,0,0,17,NULL,'Sem alíquota','Manutenção','NBS ou NCM','2026-01-01',NULL,0,0,0,0,0,0,NULL,'2026-01-23');
INSERT INTO FUNDAMENTACAO_CLASSIFICACAO(FDCL_ID,FDCL_CLTR_ID,FDCL_FDLG_ID,FDCL_INICIO_VIGENCIA,FDCL_FIM_VIGENCIA) VALUES(176,176,176,'2026-01-01',NULL);
INSERT INTO FUNDAMENTACAO_CLASSIFICACAO(FDCL_ID,FDCL_CLTR_ID,FDCL_FDLG_ID,FDCL_INICIO_VIGENCIA,FDCL_FIM_VIGENCIA) VALUES(177,177,177,'2026-01-01',NULL);
INSERT INTO FUNDAMENTACAO_CLASSIFICACAO(FDCL_ID,FDCL_CLTR_ID,FDCL_FDLG_ID,FDCL_INICIO_VIGENCIA,FDCL_FIM_VIGENCIA) VALUES(178,178,178,'2026-01-01',NULL);
INSERT INTO FUNDAMENTACAO_CLASSIFICACAO(FDCL_ID,FDCL_CLTR_ID,FDCL_FDLG_ID,FDCL_INICIO_VIGENCIA,FDCL_FIM_VIGENCIA) VALUES(179,179,179,'2026-01-01',NULL);
INSERT INTO FUNDAMENTACAO_CLASSIFICACAO(FDCL_ID,FDCL_CLTR_ID,FDCL_FDLG_ID,FDCL_INICIO_VIGENCIA,FDCL_FIM_VIGENCIA) VALUES(180,180,180,'2026-01-01',NULL);
INSERT INTO FUNDAMENTACAO_CLASSIFICACAO(FDCL_ID,FDCL_CLTR_ID,FDCL_FDLG_ID,FDCL_INICIO_VIGENCIA,FDCL_FIM_VIGENCIA) VALUES(181,181,181,'2026-01-01',NULL);
INSERT INTO FUNDAMENTACAO_CLASSIFICACAO(FDCL_ID,FDCL_CLTR_ID,FDCL_FDLG_ID,FDCL_INICIO_VIGENCIA,FDCL_FIM_VIGENCIA) VALUES(182,182,182,'2026-01-01',NULL);
INSERT INTO FUNDAMENTACAO_CLASSIFICACAO(FDCL_ID,FDCL_CLTR_ID,FDCL_FDLG_ID,FDCL_INICIO_VIGENCIA,FDCL_FIM_VIGENCIA) VALUES(183,183,183,'2026-01-01',NULL);
INSERT INTO FUNDAMENTACAO_CLASSIFICACAO(FDCL_ID,FDCL_CLTR_ID,FDCL_FDLG_ID,FDCL_INICIO_VIGENCIA,FDCL_FIM_VIGENCIA) VALUES(184,184,184,'2026-01-01',NULL);
INSERT INTO FUNDAMENTACAO_LEGAL(FDLG_ID,FDLG_TEXTO,FDLG_TEXTO_CURTO,FDLG_REFERENCIA_NORMATIVA,FDLG_INICIO_VIGENCIA,FDLG_FIM_VIGENCIA) VALUES(176,'Art. 146.\n§ 1º São também reduzidas a zero as alíquotas do IBS e da CBS sobre o fornecimento de medicamentos registrados na Anvisa quando:\nIII – classificados como soros ou vacinas, conforme regulamentação sanitária específica','Art. 146, § 1º, III','LIVRO I \n\nDO IMPOSTO SOBRE BENS E SERVIÇOS (IBS) E DA CONTRIBUIÇÃO SOCIAL SOBRE BENS E SERVIÇOS (CBS) \n\nTÍTULO IV\n\nDOS REGIMES DIFERENCIADOS DO IBS E DA CBS\n\nCAPÍTULO IV\n\nDA REDUÇÃO A ZERO DAS ALÍQUOTAS DO IBS E DA CBS\n\nSeção II\n\nDos Dispositivos Médicos','2026-01-01',NULL);
INSERT INTO FUNDAMENTACAO_LEGAL(FDLG_ID,FDLG_TEXTO,FDLG_TEXTO_CURTO,FDLG_REFERENCIA_NORMATIVA,FDLG_INICIO_VIGENCIA,FDLG_FIM_VIGENCIA) VALUES(177,'Art. 157. Fica isento do IBS e da CBS o fornecimento de serviços de transporte público coletivo de passageiros rodoviário e metroviário de caráter urbano, semiurbano e metropolitano, sob regime de autorização, permissão ou concessão pública.','Art. 157','LIVRO I \n\nDO IMPOSTO SOBRE BENS E SERVIÇOS (IBS) E DA CONTRIBUIÇÃO SOCIAL SOBRE BENS E SERVIÇOS (CBS) \n\nTÍTULO I \n\nDAS NORMAS GERAIS DO IBS E DA CBS \n\nCAPÍTULO II\n\nDO IBS E DA CBS SOBRE OPERAÇÕES COM BENS E SERVIÇOS\n\nSeção V\n\nDa Base de Cálculo','2026-01-01',NULL);
INSERT INTO FUNDAMENTACAO_LEGAL(FDLG_ID,FDLG_TEXTO,FDLG_TEXTO_CURTO,FDLG_REFERENCIA_NORMATIVA,FDLG_INICIO_VIGENCIA,FDLG_FIM_VIGENCIA) VALUES(178,'Art. 12.\n§ 2º Não integram a base de cálculo do IBS e da CBS:\nV - o montante incidente na operação dos tributos a que se referem o inciso II do caput do art. 155, o inciso III do caput do art. 156 e a alínea “b” do inciso I e o inciso IV do caput do art. 195 da Constituição Federal, e da Contribuição para os Programas de Integração Social e de Formação do Patrimônio do Servidor Público (Contribuição para o PIS/Pasep) a que se refere o art. 239 da Constituição Federal, de 1º de janeiro de 2026 a 31 de dezembro de 2032;','Art. 12, §2º V','LIVRO I\n\nDO IMPOSTO SOBRE BENS E SERVIÇOS (IBS) E DA CONTRIBUIÇÃO SOCIAL SOBRE BENS E SERVIÇOS (CBS)\n\nTÍTULO IV\n\nDOS REGIMES DIFERENCIADOS DO IBS E DA CBS\n\nCAPÍTULO V\n\nDO TRANSPORTE PÚBLICO COLETIVO DE PASSAGEIROS RODOVIÁRIO E METROVIÁRIO DE CARÁTER URBANO, SEMIURBANO E METROPOLITANO','2026-01-01',NULL);
INSERT INTO FUNDAMENTACAO_LEGAL(FDLG_ID,FDLG_TEXTO,FDLG_TEXTO_CURTO,FDLG_REFERENCIA_NORMATIVA,FDLG_INICIO_VIGENCIA,FDLG_FIM_VIGENCIA) VALUES(179,'Art. 26.\n§ 5º-A. Para fins do disposto no inciso V do caput deste artigo, não são contribuintes do IBS e da CBS:\nI – os Fundos de Investimento Imobiliário (FII) e os Fundos de Investimento nas Cadeias Produtivas do Agronegócio (Fiagro), de que trata a Lei nº 8.668, de 25 de junho de 1993, que realizem operações com bens imóveis, inclusive operações com direitos reais sobre bens imóveis, e que, cumulativamente:\n(...)\nII – os FII e os Fiagro que realizem operações com bens imóveis, inclusive operações com direitos reais sobre bens imóveis, e que não atendam às condições estabelecidas no inciso I deste parágrafo, cujas cotas sejam detidas, direta ou indiretamente, em mais de 95% (noventa e cinco por cento), por:','Art. 26, § 5º-A, I e II','LIVRO I\n\nDO IMPOSTO SOBRE BENS E SERVIÇOS (IBS) E DA CONTRIBUIÇÃO SOCIAL SOBRE BENS E SERVIÇOS (CBS)\n\nTÍTULO IV\n\nDOS REGIMES DIFERENCIADOS DO IBS E DA CBS\n\nCAPÍTULO V\n\nDO TRANSPORTE PÚBLICO COLETIVO DE PASSAGEIROS RODOVIÁRIO E METROVIÁRIO DE CARÁTER URBANO, SEMIURBANO E METROPOLITANO','2026-01-01',NULL);
INSERT INTO FUNDAMENTACAO_LEGAL(FDLG_ID,FDLG_TEXTO,FDLG_TEXTO_CURTO,FDLG_REFERENCIA_NORMATIVA,FDLG_INICIO_VIGENCIA,FDLG_FIM_VIGENCIA) VALUES(180,'Art. 26.\n§ 5º-A. Para fins do disposto no inciso V do caput deste artigo, não são contribuintes do IBS e da CBS:\nIII – os demais fundos de investimento cujo patrimônio seja constituído exclusivamente por aplicações em participações societárias, certificados, direitos, títulos, valores mobiliários e demais ativos financeiros permitidos pela Comissão de Valores Mobiliários, observado o disposto no § 6º-A e no § 8º-A deste artigo.','Art. 26, § 5º-A, III','LIVRO I\n\nDO IMPOSTO SOBRE BENS E SERVIÇOS (IBS) E DA CONTRIBUIÇÃO SOCIAL SOBRE BENS E SERVIÇOS (CBS)\n\nTÍTULO IV\n\nDOS REGIMES DIFERENCIADOS DO IBS E DA CBS\n\nCAPÍTULO V\n\nDO TRANSPORTE PÚBLICO COLETIVO DE PASSAGEIROS RODOVIÁRIO E METROVIÁRIO DE CARÁTER URBANO, SEMIURBANO E METROPOLITANO','2026-01-01',NULL);
INSERT INTO FUNDAMENTACAO_LEGAL(FDLG_ID,FDLG_TEXTO,FDLG_TEXTO_CURTO,FDLG_REFERENCIA_NORMATIVA,FDLG_INICIO_VIGENCIA,FDLG_FIM_VIGENCIA) VALUES(181,'Art. 26. Não são contribuintes do IBS e da CBS, ressalvado o disposto no inciso II do § 1º do art. 156-A da Constituição Federal:\nIV - nanoempreendedor, assim entendido a pessoa física que tenha auferido receita bruta inferior a 50% (cinquenta por cento) do limite estabelecido para adesão ao regime do MEI previsto no § 1º do art. 18-A observado ainda o disposto nos §§ 4º e 4º-B do referido artigo da Lei Complementar nº 123, de 14 de dezembro de 2006, e não tenha aderido a esse regime','Art. 26, IV','LIVRO I\n\nDO IMPOSTO SOBRE BENS E SERVIÇOS (IBS) E DA CONTRIBUIÇÃO SOCIAL SOBRE BENS E SERVIÇOS (CBS)\n\nTÍTULO IV\n\nDOS REGIMES DIFERENCIADOS DO IBS E DA CBS\n\nCAPÍTULO V\n\nDO TRANSPORTE PÚBLICO COLETIVO DE PASSAGEIROS RODOVIÁRIO E METROVIÁRIO DE CARÁTER URBANO, SEMIURBANO E METROPOLITANO','2026-01-01',NULL);
INSERT INTO FUNDAMENTACAO_LEGAL(FDLG_ID,FDLG_TEXTO,FDLG_TEXTO_CURTO,FDLG_REFERENCIA_NORMATIVA,FDLG_INICIO_VIGENCIA,FDLG_FIM_VIGENCIA) VALUES(182,'Art. 106.\n§ 7º Os benefícios fiscais do regime especial de que trata este artigo aplicam-se também aos beneficiários do Regime Especial de Incentivos para a Produção de Hidrogênio de Baixa Emissão de Carbono (Rehidro), instituído pela Lei nº 14.948, de 2 de agosto de 2024, observada a disciplina estabelecida na legislação específica','Art. 106, § 7º','LIVRO I \n\nDO IMPOSTO SOBRE BENS E SERVIÇOS (IBS) E DA CONTRIBUIÇÃO SOCIAL SOBRE BENS E SERVIÇOS (CBS) \n\nTÍTULO IV\n\nDOS REGIMES DIFERENCIADOS DO IBS E DA CBS\n\nCAPÍTULO III\n\nDA REDUÇÃO EM SESSENTA POR CENTO DAS ALÍQUOTAS DO IBS E DA CBS\n\nSeção X\n\nDos Insumos Agropecuários e Aquícolas','2026-01-01',NULL);
INSERT INTO FUNDAMENTACAO_LEGAL(FDLG_ID,FDLG_TEXTO,FDLG_TEXTO_CURTO,FDLG_REFERENCIA_NORMATIVA,FDLG_INICIO_VIGENCIA,FDLG_FIM_VIGENCIA) VALUES(183,'Art. 172.\n§ 2º Ato conjunto da RFB e do CGIBS preverá hipóteses de suspensão do IBS e da CBS incidentes nas operações com hidrocarbonetos líquidos derivados de petróleo não combustíveis ou de gás natural, inclusive nafta, desde que:\nI – os adquirentes sejam centrais petroquímicas devidamente autorizadas pela ANP;\nII – sejam utilizados como insumo pela indústria petroquímica; e\nIII – obedeçam a critérios e condições estabelecidos no referido ato conjunto.','Art. 172, § 2º','LIVRO I \n\nDO IMPOSTO SOBRE BENS E SERVIÇOS (IBS) E DA CONTRIBUIÇÃO SOCIAL SOBRE BENS E SERVIÇOS (CBS) \n\nTÍTULO IV\n\nDOS REGIMES DIFERENCIADOS DO IBS E DA CBS\n\nCAPÍTULO III\n\nDA REDUÇÃO EM SESSENTA POR CENTO DAS ALÍQUOTAS DO IBS E DA CBS\n\nSeção X\n\nDos Insumos Agropecuários e Aquícolas','2026-01-01',NULL);
INSERT INTO FUNDAMENTACAO_LEGAL(FDLG_ID,FDLG_TEXTO,FDLG_TEXTO_CURTO,FDLG_REFERENCIA_NORMATIVA,FDLG_INICIO_VIGENCIA,FDLG_FIM_VIGENCIA) VALUES(184,'Art. 60. O sujeito passivo do IBS e da CBS, ao realizar operações com bens ou com serviços, inclusive exportações, e importações, deverá emitir documento fiscal eletrônico.\n\n§ 1º As informações prestadas pelo sujeito passivo nos termos deste artigo possuem caráter declaratório e constituem confissão do valor devido de IBS e de CBS consignados no documento fiscal.\n§ 2º A obrigação de emissão de documentos fiscais eletrônicos aplica-se inclusive:\nIII - a outras hipóteses previstas no regulamento.','LC 214','LIVRO I \n\nDO IMPOSTO SOBRE BENS E SERVIÇOS (IBS) E DA CONTRIBUIÇÃO SOCIAL SOBRE BENS E SERVIÇOS (CBS) \n\nTÍTULO V\n\nDOS REGIMES ESPECÍFICOS DO IBS E DA CBS\n\nCAPÍTULO III\n\nDOS PLANOS DE ASSISTÊNCIA À SAÚDE','2026-01-01',NULL);
INSERT INTO PERCENTUAL_REDUCAO(PERE_ID,PERE_CLTR_ID,PERE_TBTO_ID,PERE_VALOR,PERE_INICIO_VIGENCIA,PERE_FIM_VIGENCIA) VALUES(436,176,2,100.0,'2026-01-01',NULL);
INSERT INTO PERCENTUAL_REDUCAO(PERE_ID,PERE_CLTR_ID,PERE_TBTO_ID,PERE_VALOR,PERE_INICIO_VIGENCIA,PERE_FIM_VIGENCIA) VALUES(437,176,3,100.0,'2026-01-01',NULL);
INSERT INTO PERCENTUAL_REDUCAO(PERE_ID,PERE_CLTR_ID,PERE_TBTO_ID,PERE_VALOR,PERE_INICIO_VIGENCIA,PERE_FIM_VIGENCIA) VALUES(438,176,4,100.0,'2026-01-01',NULL);
INSERT INTO PERCENTUAL_REDUCAO(PERE_ID,PERE_CLTR_ID,PERE_TBTO_ID,PERE_VALOR,PERE_INICIO_VIGENCIA,PERE_FIM_VIGENCIA) VALUES(439,177,2,0.0,'2026-01-01',NULL);
INSERT INTO PERCENTUAL_REDUCAO(PERE_ID,PERE_CLTR_ID,PERE_TBTO_ID,PERE_VALOR,PERE_INICIO_VIGENCIA,PERE_FIM_VIGENCIA) VALUES(440,177,3,0.0,'2026-01-01',NULL);
INSERT INTO PERCENTUAL_REDUCAO(PERE_ID,PERE_CLTR_ID,PERE_TBTO_ID,PERE_VALOR,PERE_INICIO_VIGENCIA,PERE_FIM_VIGENCIA) VALUES(441,177,4,0.0,'2026-01-01',NULL);
INSERT INTO PERCENTUAL_REDUCAO(PERE_ID,PERE_CLTR_ID,PERE_TBTO_ID,PERE_VALOR,PERE_INICIO_VIGENCIA,PERE_FIM_VIGENCIA) VALUES(442,178,2,0.0,'2026-01-01',NULL);
INSERT INTO PERCENTUAL_REDUCAO(PERE_ID,PERE_CLTR_ID,PERE_TBTO_ID,PERE_VALOR,PERE_INICIO_VIGENCIA,PERE_FIM_VIGENCIA) VALUES(443,178,3,0.0,'2026-01-01',NULL);
INSERT INTO PERCENTUAL_REDUCAO(PERE_ID,PERE_CLTR_ID,PERE_TBTO_ID,PERE_VALOR,PERE_INICIO_VIGENCIA,PERE_FIM_VIGENCIA) VALUES(444,178,4,0.0,'2026-01-01',NULL);
INSERT INTO PERCENTUAL_REDUCAO(PERE_ID,PERE_CLTR_ID,PERE_TBTO_ID,PERE_VALOR,PERE_INICIO_VIGENCIA,PERE_FIM_VIGENCIA) VALUES(445,179,2,0.0,'2026-01-01',NULL);
INSERT INTO PERCENTUAL_REDUCAO(PERE_ID,PERE_CLTR_ID,PERE_TBTO_ID,PERE_VALOR,PERE_INICIO_VIGENCIA,PERE_FIM_VIGENCIA) VALUES(446,179,3,0.0,'2026-01-01',NULL);
INSERT INTO PERCENTUAL_REDUCAO(PERE_ID,PERE_CLTR_ID,PERE_TBTO_ID,PERE_VALOR,PERE_INICIO_VIGENCIA,PERE_FIM_VIGENCIA) VALUES(447,179,4,0.0,'2026-01-01',NULL);
INSERT INTO PERCENTUAL_REDUCAO(PERE_ID,PERE_CLTR_ID,PERE_TBTO_ID,PERE_VALOR,PERE_INICIO_VIGENCIA,PERE_FIM_VIGENCIA) VALUES(448,180,2,0.0,'2026-01-01',NULL);
INSERT INTO PERCENTUAL_REDUCAO(PERE_ID,PERE_CLTR_ID,PERE_TBTO_ID,PERE_VALOR,PERE_INICIO_VIGENCIA,PERE_FIM_VIGENCIA) VALUES(449,180,3,0.0,'2026-01-01',NULL);
INSERT INTO PERCENTUAL_REDUCAO(PERE_ID,PERE_CLTR_ID,PERE_TBTO_ID,PERE_VALOR,PERE_INICIO_VIGENCIA,PERE_FIM_VIGENCIA) VALUES(450,180,4,0.0,'2026-01-01',NULL);
INSERT INTO PERCENTUAL_REDUCAO(PERE_ID,PERE_CLTR_ID,PERE_TBTO_ID,PERE_VALOR,PERE_INICIO_VIGENCIA,PERE_FIM_VIGENCIA) VALUES(451,181,2,0.0,'2026-01-01',NULL);
INSERT INTO PERCENTUAL_REDUCAO(PERE_ID,PERE_CLTR_ID,PERE_TBTO_ID,PERE_VALOR,PERE_INICIO_VIGENCIA,PERE_FIM_VIGENCIA) VALUES(452,181,3,0.0,'2026-01-01',NULL);
INSERT INTO PERCENTUAL_REDUCAO(PERE_ID,PERE_CLTR_ID,PERE_TBTO_ID,PERE_VALOR,PERE_INICIO_VIGENCIA,PERE_FIM_VIGENCIA) VALUES(453,181,4,0.0,'2026-01-01',NULL);
INSERT INTO PERCENTUAL_REDUCAO(PERE_ID,PERE_CLTR_ID,PERE_TBTO_ID,PERE_VALOR,PERE_INICIO_VIGENCIA,PERE_FIM_VIGENCIA) VALUES(454,182,2,0.0,'2026-01-01',NULL);
INSERT INTO PERCENTUAL_REDUCAO(PERE_ID,PERE_CLTR_ID,PERE_TBTO_ID,PERE_VALOR,PERE_INICIO_VIGENCIA,PERE_FIM_VIGENCIA) VALUES(455,182,3,0.0,'2026-01-01',NULL);
INSERT INTO PERCENTUAL_REDUCAO(PERE_ID,PERE_CLTR_ID,PERE_TBTO_ID,PERE_VALOR,PERE_INICIO_VIGENCIA,PERE_FIM_VIGENCIA) VALUES(456,182,4,0.0,'2026-01-01',NULL);
INSERT INTO PERCENTUAL_REDUCAO(PERE_ID,PERE_CLTR_ID,PERE_TBTO_ID,PERE_VALOR,PERE_INICIO_VIGENCIA,PERE_FIM_VIGENCIA) VALUES(457,183,2,0.0,'2026-01-01',NULL);
INSERT INTO PERCENTUAL_REDUCAO(PERE_ID,PERE_CLTR_ID,PERE_TBTO_ID,PERE_VALOR,PERE_INICIO_VIGENCIA,PERE_FIM_VIGENCIA) VALUES(458,183,3,0.0,'2026-01-01',NULL);
INSERT INTO PERCENTUAL_REDUCAO(PERE_ID,PERE_CLTR_ID,PERE_TBTO_ID,PERE_VALOR,PERE_INICIO_VIGENCIA,PERE_FIM_VIGENCIA) VALUES(459,183,4,0.0,'2026-01-01',NULL);
INSERT INTO PERCENTUAL_REDUCAO(PERE_ID,PERE_CLTR_ID,PERE_TBTO_ID,PERE_VALOR,PERE_INICIO_VIGENCIA,PERE_FIM_VIGENCIA) VALUES(460,184,2,0.0,'2026-01-01',NULL);
INSERT INTO PERCENTUAL_REDUCAO(PERE_ID,PERE_CLTR_ID,PERE_TBTO_ID,PERE_VALOR,PERE_INICIO_VIGENCIA,PERE_FIM_VIGENCIA) VALUES(461,184,3,0.0,'2026-01-01',NULL);
INSERT INTO PERCENTUAL_REDUCAO(PERE_ID,PERE_CLTR_ID,PERE_TBTO_ID,PERE_VALOR,PERE_INICIO_VIGENCIA,PERE_FIM_VIGENCIA) VALUES(462,184,4,0.0,'2026-01-01',NULL);
INSERT INTO TIPO_DFE_CLASSIFICACAO(TDCL_ID,TDCL_CLTR_ID,TDCL_TPDF_ID,TDCL_INICIO_VIGENCIA,TDCL_FIM_VIGENCIA) VALUES(317,176,2,'2026-01-01',NULL);
INSERT INTO TIPO_DFE_CLASSIFICACAO(TDCL_ID,TDCL_CLTR_ID,TDCL_TPDF_ID,TDCL_INICIO_VIGENCIA,TDCL_FIM_VIGENCIA) VALUES(318,176,3,'2026-01-01',NULL);
INSERT INTO TIPO_DFE_CLASSIFICACAO(TDCL_ID,TDCL_CLTR_ID,TDCL_TPDF_ID,TDCL_INICIO_VIGENCIA,TDCL_FIM_VIGENCIA) VALUES(319,177,5,'2026-01-01',NULL);
INSERT INTO TIPO_DFE_CLASSIFICACAO(TDCL_ID,TDCL_CLTR_ID,TDCL_TPDF_ID,TDCL_INICIO_VIGENCIA,TDCL_FIM_VIGENCIA) VALUES(320,178,9,'2026-01-01',NULL);
INSERT INTO TIPO_DFE_CLASSIFICACAO(TDCL_ID,TDCL_CLTR_ID,TDCL_TPDF_ID,TDCL_INICIO_VIGENCIA,TDCL_FIM_VIGENCIA) VALUES(321,178,12,'2026-01-01',NULL);
INSERT INTO TIPO_DFE_CLASSIFICACAO(TDCL_ID,TDCL_CLTR_ID,TDCL_TPDF_ID,TDCL_INICIO_VIGENCIA,TDCL_FIM_VIGENCIA) VALUES(322,178,14,'2026-01-01',NULL);
INSERT INTO TIPO_DFE_CLASSIFICACAO(TDCL_ID,TDCL_CLTR_ID,TDCL_TPDF_ID,TDCL_INICIO_VIGENCIA,TDCL_FIM_VIGENCIA) VALUES(323,178,15,'2026-01-01',NULL);
INSERT INTO TIPO_DFE_CLASSIFICACAO(TDCL_ID,TDCL_CLTR_ID,TDCL_TPDF_ID,TDCL_INICIO_VIGENCIA,TDCL_FIM_VIGENCIA) VALUES(324,179,1,'2026-01-01',NULL);
INSERT INTO TIPO_DFE_CLASSIFICACAO(TDCL_ID,TDCL_CLTR_ID,TDCL_TPDF_ID,TDCL_INICIO_VIGENCIA,TDCL_FIM_VIGENCIA) VALUES(325,179,10,'2026-01-01',NULL);
INSERT INTO TIPO_DFE_CLASSIFICACAO(TDCL_ID,TDCL_CLTR_ID,TDCL_TPDF_ID,TDCL_INICIO_VIGENCIA,TDCL_FIM_VIGENCIA) VALUES(326,180,13,'2026-01-01',NULL);
INSERT INTO TIPO_DFE_CLASSIFICACAO(TDCL_ID,TDCL_CLTR_ID,TDCL_TPDF_ID,TDCL_INICIO_VIGENCIA,TDCL_FIM_VIGENCIA) VALUES(327,181,2,'2026-01-01',NULL);
INSERT INTO TIPO_DFE_CLASSIFICACAO(TDCL_ID,TDCL_CLTR_ID,TDCL_TPDF_ID,TDCL_INICIO_VIGENCIA,TDCL_FIM_VIGENCIA) VALUES(328,181,3,'2026-01-01',NULL);
INSERT INTO TIPO_DFE_CLASSIFICACAO(TDCL_ID,TDCL_CLTR_ID,TDCL_TPDF_ID,TDCL_INICIO_VIGENCIA,TDCL_FIM_VIGENCIA) VALUES(329,181,4,'2026-01-01',NULL);
INSERT INTO TIPO_DFE_CLASSIFICACAO(TDCL_ID,TDCL_CLTR_ID,TDCL_TPDF_ID,TDCL_INICIO_VIGENCIA,TDCL_FIM_VIGENCIA) VALUES(330,181,5,'2026-01-01',NULL);
INSERT INTO TIPO_DFE_CLASSIFICACAO(TDCL_ID,TDCL_CLTR_ID,TDCL_TPDF_ID,TDCL_INICIO_VIGENCIA,TDCL_FIM_VIGENCIA) VALUES(331,181,10,'2026-01-01',NULL);
INSERT INTO TIPO_DFE_CLASSIFICACAO(TDCL_ID,TDCL_CLTR_ID,TDCL_TPDF_ID,TDCL_INICIO_VIGENCIA,TDCL_FIM_VIGENCIA) VALUES(332,182,2,'2026-01-01',NULL);
INSERT INTO TIPO_DFE_CLASSIFICACAO(TDCL_ID,TDCL_CLTR_ID,TDCL_TPDF_ID,TDCL_INICIO_VIGENCIA,TDCL_FIM_VIGENCIA) VALUES(333,182,10,'2026-01-01',NULL);
INSERT INTO TIPO_DFE_CLASSIFICACAO(TDCL_ID,TDCL_CLTR_ID,TDCL_TPDF_ID,TDCL_INICIO_VIGENCIA,TDCL_FIM_VIGENCIA) VALUES(334,183,2,'2026-01-01',NULL);
INSERT INTO TIPO_DFE_CLASSIFICACAO(TDCL_ID,TDCL_CLTR_ID,TDCL_TPDF_ID,TDCL_INICIO_VIGENCIA,TDCL_FIM_VIGENCIA) VALUES(335,184,9,'2026-01-01',NULL);
INSERT INTO TIPO_DFE_CLASSIFICACAO(TDCL_ID,TDCL_CLTR_ID,TDCL_TPDF_ID,TDCL_INICIO_VIGENCIA,TDCL_FIM_VIGENCIA) VALUES(336,184,10,'2026-01-01',NULL);
INSERT INTO TIPO_DFE_CLASSIFICACAO(TDCL_ID,TDCL_CLTR_ID,TDCL_TPDF_ID,TDCL_INICIO_VIGENCIA,TDCL_FIM_VIGENCIA) VALUES(337,184,12,'2026-01-01',NULL);
INSERT INTO TIPO_DFE_CLASSIFICACAO(TDCL_ID,TDCL_CLTR_ID,TDCL_TPDF_ID,TDCL_INICIO_VIGENCIA,TDCL_FIM_VIGENCIA) VALUES(338,184,14,'2026-01-01',NULL);
INSERT INTO TIPO_DFE_CLASSIFICACAO(TDCL_ID,TDCL_CLTR_ID,TDCL_TPDF_ID,TDCL_INICIO_VIGENCIA,TDCL_FIM_VIGENCIA) VALUES(339,184,15,'2026-01-01',NULL);
INSERT INTO TRATAMENTO_CLASSIFICACAO(TRCL_ID,TRCL_CLTR_ID,TRCL_TRTR_ID,TRCL_INICIO_VIGENCIA,TRCL_FIM_VIGENCIA) VALUES(176,176,9,'2026-01-01',NULL);
INSERT INTO TRATAMENTO_CLASSIFICACAO(TRCL_ID,TRCL_CLTR_ID,TRCL_TRTR_ID,TRCL_INICIO_VIGENCIA,TRCL_FIM_VIGENCIA) VALUES(177,177,18,'2026-01-01',NULL);
INSERT INTO TRATAMENTO_CLASSIFICACAO(TRCL_ID,TRCL_CLTR_ID,TRCL_TRTR_ID,TRCL_INICIO_VIGENCIA,TRCL_FIM_VIGENCIA) VALUES(178,178,19,'2026-01-01',NULL);
INSERT INTO TRATAMENTO_CLASSIFICACAO(TRCL_ID,TRCL_CLTR_ID,TRCL_TRTR_ID,TRCL_INICIO_VIGENCIA,TRCL_FIM_VIGENCIA) VALUES(179,179,19,'2026-01-01',NULL);
INSERT INTO TRATAMENTO_CLASSIFICACAO(TRCL_ID,TRCL_CLTR_ID,TRCL_TRTR_ID,TRCL_INICIO_VIGENCIA,TRCL_FIM_VIGENCIA) VALUES(180,180,19,'2026-01-01',NULL);
INSERT INTO TRATAMENTO_CLASSIFICACAO(TRCL_ID,TRCL_CLTR_ID,TRCL_TRTR_ID,TRCL_INICIO_VIGENCIA,TRCL_FIM_VIGENCIA) VALUES(181,181,19,'2026-01-01',NULL);
INSERT INTO TRATAMENTO_CLASSIFICACAO(TRCL_ID,TRCL_CLTR_ID,TRCL_TRTR_ID,TRCL_INICIO_VIGENCIA,TRCL_FIM_VIGENCIA) VALUES(182,182,22,'2026-01-01',NULL);
INSERT INTO TRATAMENTO_CLASSIFICACAO(TRCL_ID,TRCL_CLTR_ID,TRCL_TRTR_ID,TRCL_INICIO_VIGENCIA,TRCL_FIM_VIGENCIA) VALUES(183,183,41,'2026-01-01',NULL);
INSERT INTO TRATAMENTO_CLASSIFICACAO(TRCL_ID,TRCL_CLTR_ID,TRCL_TRTR_ID,TRCL_INICIO_VIGENCIA,TRCL_FIM_VIGENCIA) VALUES(184,184,32,'2026-01-01',NULL);
UPDATE TRATAMENTO_TRIBUTARIO SET TRTR_DESCRICAO='Tributação em documento específico', TRTR_EXPRESSAO_ALIQUOTA='0' WHERE TRTR_ID=32;
INSERT INTO TRATAMENTO_TRIBUTARIO(TRTR_ID,TRTR_DESCRICAO,TRTR_EXPRESSAO_ALIQUOTA,TRTR_EXPRESSAO_ALIQUOTA_EFETIVA,TRTR_EXPRESSAO_BASE_CALCULO,TRTR_EXPRESSAO_TRIBUTO_CALCULADO,TRTR_EXPRESSAO_TRIBUTO_DEVIDO,TRTR_EXPRESSAO_PERCENTUAL_DIFERIMENTO,TRTR_EXPRESSAO_VALOR_DIFERIMENTO,TRTR_IN_INCOMPATIVEL_COM_SUSPENSAO,TRTR_IN_EXIGE_GRUPO_DESONERACAO,TRTR_IN_POSSUI_PERCENTUAL_REDUCAO,TRTR_IN_POSSUI_AJUSTE,TRTR_IN_POSSUI_REDUTOR,TRTR_INICIO_VIGENCIA,TRTR_FIM_VIGENCIA,TRTR_IN_POSSUI_MONOFASIA) VALUES(41,'Suspesão em operações com hidrocarbonetos líquidos','0','aliquota','quantidade','baseCalculo*aliquotaEfetiva','tributoCalculado',NULL,NULL,0,0,1,0,0,'2026-01-01',NULL,1);
